{"mean": 3.1778387858045978, "std": 1.595754323370598}