{"mean": 2.722257615917896, "std": 3.4747849577099594}